,CRIM,ZN,INDUS,CHAS,NOX,RM,AGE,DIS,RAD,TAX,PTRATIO,B,LSTAT,MEDV
0,0.01,18.0,2.31,0,0.54,6.58,65.2,4.09,1,296,15.3,396.9,4.98,24.0
1,0.03,0.0,7.07,0,0.47,6.42,78.9,4.97,2,242,17.8,396.9,9.14,21.6
2,0.03,0.0,7.07,0,0.47,7.18,61.1,4.97,2,242,17.8,392.83,4.03,34.7
3,0.03,0.0,2.18,0,0.46,7.0,45.8,6.06,3,222,18.7,394.63,2.94,33.4
4,0.07,0.0,2.18,0,0.46,7.15,54.2,6.06,3,222,18.7,396.9,5.33,36.2
5,0.03,0.0,2.18,0,0.46,6.43,58.7,6.06,3,222,18.7,394.12,5.21,28.7
6,0.09,12.5,7.87,0,0.52,6.01,66.6,5.56,5,311,15.2,395.6,12.43,22.9
7,0.14,12.5,7.87,0,0.52,6.17,96.1,5.95,5,311,15.2,396.9,19.15,27.1
8,0.21,12.5,7.87,0,0.52,5.63,100.0,6.08,5,311,15.2,386.63,29.93,16.5
9,0.17,12.5,7.87,0,0.52,6.0,85.9,6.59,5,311,15.2,386.71,17.1,18.9
10,0.22,12.5,7.87,0,0.52,6.29,94.3,6.35,5,311,15.2,392.52,20.45,15.0
11,0.12,12.5,7.87,0,0.52,6.01,82.9,6.23,5,311,15.2,396.9,13.27,18.9
12,0.09,12.5,7.87,0,0.52,5.89,39.0,5.45,5,311,15.2,390.5,15.71,21.7
13,0.63,0.0,8.14,0,0.54,5.95,61.8,4.71,4,307,21.0,396.9,8.26,20.4
14,0.64,0.0,8.14,0,0.54,6.1,84.5,4.46,4,307,21.0,380.02,10.26,18.2
15,0.63,0.0,8.14,0,0.54,5.83,56.5,4.5,4,307,21.0,395.62,8.47,19.9
16,1.05,0.0,8.14,0,0.54,5.94,29.3,4.5,4,307,21.0,386.85,6.58,23.1
17,0.78,0.0,8.14,0,0.54,5.99,81.7,4.26,4,307,21.0,386.75,14.67,17.5
18,0.8,0.0,8.14,0,0.54,5.46,36.6,3.8,4,307,21.0,288.99,11.69,20.2
19,0.73,0.0,8.14,0,0.54,5.73,69.5,3.8,4,307,21.0,390.95,11.28,18.2
20,1.25,0.0,8.14,0,0.54,5.57,98.1,3.8,4,307,21.0,376.57,21.02,13.6
21,0.85,0.0,8.14,0,0.54,5.96,89.2,4.01,4,307,21.0,392.53,12.9,19.6
22,1.23,0.0,8.14,0,0.54,6.14,91.7,3.98,4,307,21.0,396.9,18.72,15.2
23,0.99,0.0,8.14,0,0.54,5.81,100.0,4.1,4,307,21.0,394.54,19.88,14.5
24,0.75,0.0,8.14,0,0.54,5.92,94.1,4.4,4,307,21.0,394.33,16.3,15.6
25,0.84,0.0,8.14,0,0.54,5.6,85.7,4.45,4,307,21.0,303.42,16.51,13.9
26,0.67,0.0,8.14,0,0.54,5.81,90.3,4.68,4,307,21.0,376.88,14.81,16.6
27,0.96,0.0,8.14,0,0.54,6.05,88.8,4.45,4,307,21.0,306.38,17.28,14.8
28,0.77,0.0,8.14,0,0.54,6.5,94.4,4.45,4,307,21.0,387.94,12.8,18.4
29,1.0,0.0,8.14,0,0.54,6.67,87.3,4.24,4,307,21.0,380.23,11.98,21.0
30,1.13,0.0,8.14,0,0.54,5.71,94.1,4.23,4,307,21.0,360.17,22.6,12.7
31,1.35,0.0,8.14,0,0.54,6.07,100.0,4.18,4,307,21.0,376.73,13.04,14.5
32,1.39,0.0,8.14,0,0.54,5.95,82.0,3.99,4,307,21.0,232.6,27.71,13.2
33,1.15,0.0,8.14,0,0.54,5.7,95.0,3.79,4,307,21.0,358.77,18.35,13.1
34,1.61,0.0,8.14,0,0.54,6.1,96.9,3.76,4,307,21.0,248.31,20.34,13.5
35,0.06,0.0,5.96,0,0.5,6.29,68.2,3.36,5,279,19.2,396.9,9.68,18.9
36,0.1,0.0,5.96,0,0.5,5.84,61.4,3.38,5,279,19.2,377.56,11.41,20.0
37,0.08,0.0,5.96,0,0.5,5.85,41.5,3.93,5,279,19.2,396.9,8.77,21.0
38,0.18,0.0,5.96,0,0.5,5.97,30.2,3.85,5,279,19.2,393.43,10.13,24.7
39,0.03,75.0,2.95,0,0.43,6.6,21.8,5.4,3,252,18.3,395.63,4.32,30.8
40,0.03,75.0,2.95,0,0.43,7.02,15.8,5.4,3,252,18.3,395.62,1.98,34.9
41,0.13,0.0,6.91,0,0.45,6.77,2.9,5.72,3,233,17.9,385.41,4.84,26.6
42,0.14,0.0,6.91,0,0.45,6.17,6.6,5.72,3,233,17.9,383.37,5.81,25.3
43,0.16,0.0,6.91,0,0.45,6.21,6.5,5.72,3,233,17.9,394.46,7.44,24.7
44,0.12,0.0,6.91,0,0.45,6.07,40.0,5.72,3,233,17.9,389.39,9.55,21.2
45,0.17,0.0,6.91,0,0.45,5.68,33.8,5.1,3,233,17.9,396.9,10.21,19.3
46,0.19,0.0,6.91,0,0.45,5.79,33.3,5.1,3,233,17.9,396.9,14.15,20.0
47,0.23,0.0,6.91,0,0.45,6.03,85.5,5.69,3,233,17.9,392.74,18.8,16.6
48,0.25,0.0,6.91,0,0.45,5.4,95.3,5.87,3,233,17.9,396.9,30.81,14.4
49,0.22,0.0,6.91,0,0.45,5.6,62.0,6.09,3,233,17.9,396.9,16.2,19.4
50,0.09,21.0,5.64,0,0.44,5.96,45.7,6.81,4,243,16.8,395.56,13.45,19.7
51,0.04,21.0,5.64,0,0.44,6.12,63.0,6.81,4,243,16.8,393.97,9.43,20.5
52,0.05,21.0,5.64,0,0.44,6.51,21.1,6.81,4,243,16.8,396.9,5.28,25.0
53,0.05,21.0,5.64,0,0.44,6.0,21.4,6.81,4,243,16.8,396.9,8.43,23.4
54,0.01,75.0,4.0,0,0.41,5.89,47.6,7.32,3,469,21.1,396.9,14.8,18.9
55,0.01,90.0,1.22,0,0.4,7.25,21.9,8.7,5,226,17.9,395.93,4.81,35.4
56,0.02,85.0,0.74,0,0.41,6.38,35.7,9.19,2,313,17.3,396.9,5.77,24.7
57,0.01,100.0,1.32,0,0.41,6.82,40.5,8.32,5,256,15.1,392.9,3.95,31.6
58,0.15,25.0,5.13,0,0.45,6.14,29.2,7.81,8,284,19.7,390.68,6.86,23.3
59,0.1,25.0,5.13,0,0.45,5.93,47.2,6.93,8,284,19.7,396.9,9.22,19.6
60,0.15,25.0,5.13,0,0.45,5.74,66.2,7.23,8,284,19.7,395.11,13.15,18.7
61,0.17,25.0,5.13,0,0.45,5.97,93.4,6.82,8,284,19.7,378.08,14.44,16.0
62,0.11,25.0,5.13,0,0.45,6.46,67.8,7.23,8,284,19.7,396.9,6.73,22.2
63,0.13,25.0,5.13,0,0.45,6.29,43.4,7.98,8,284,19.7,395.58,9.5,25.0
64,0.02,17.5,1.38,0,0.42,7.1,59.5,9.22,3,216,18.6,393.24,8.05,33.0
65,0.04,80.0,3.37,0,0.4,6.29,17.8,6.61,4,337,16.1,396.9,4.67,23.5
66,0.04,80.0,3.37,0,0.4,5.79,31.1,6.61,4,337,16.1,396.9,10.24,19.4
67,0.06,12.5,6.07,0,0.41,5.88,21.4,6.5,4,345,18.9,396.21,8.1,22.0
68,0.14,12.5,6.07,0,0.41,5.59,36.8,6.5,4,345,18.9,396.9,13.09,17.4
69,0.13,12.5,6.07,0,0.41,5.88,33.0,6.5,4,345,18.9,396.9,8.79,20.9
70,0.09,0.0,10.81,0,0.41,6.42,6.6,5.29,4,305,19.2,383.73,6.72,24.2
71,0.16,0.0,10.81,0,0.41,5.96,17.5,5.29,4,305,19.2,376.94,9.88,21.7
72,0.09,0.0,10.81,0,0.41,6.06,7.8,5.29,4,305,19.2,390.91,5.52,22.8
73,0.2,0.0,10.81,0,0.41,6.24,6.2,5.29,4,305,19.2,377.17,7.54,23.4
74,0.08,0.0,12.83,0,0.44,6.27,6.0,4.25,5,398,18.7,394.92,6.78,24.1
75,0.1,0.0,12.83,0,0.44,6.29,45.0,4.5,5,398,18.7,383.23,8.94,21.4
76,0.1,0.0,12.83,0,0.44,6.28,74.5,4.05,5,398,18.7,373.66,11.97,20.0
77,0.09,0.0,12.83,0,0.44,6.14,45.8,4.09,5,398,18.7,386.96,10.27,20.8
78,0.06,0.0,12.83,0,0.44,6.23,53.7,5.01,5,398,18.7,386.4,12.34,21.2
79,0.08,0.0,12.83,0,0.44,5.87,36.6,4.5,5,398,18.7,396.06,9.1,20.3
80,0.04,25.0,4.86,0,0.43,6.73,33.5,5.4,4,281,19.0,396.9,5.29,28.0
81,0.04,25.0,4.86,0,0.43,6.62,70.4,5.4,4,281,19.0,395.63,7.22,23.9
82,0.04,25.0,4.86,0,0.43,6.3,32.2,5.4,4,281,19.0,396.9,6.72,24.8
83,0.04,25.0,4.86,0,0.43,6.17,46.7,5.4,4,281,19.0,390.64,7.51,22.9
84,0.05,0.0,4.49,0,0.45,6.39,48.0,4.78,3,247,18.5,396.9,9.62,23.9
85,0.06,0.0,4.49,0,0.45,6.63,56.1,4.44,3,247,18.5,392.3,6.53,26.6
86,0.05,0.0,4.49,0,0.45,6.02,45.1,4.43,3,247,18.5,395.99,12.86,22.5
87,0.07,0.0,4.49,0,0.45,6.12,56.8,3.75,3,247,18.5,395.15,8.44,22.2
88,0.06,0.0,3.41,0,0.49,7.01,86.3,3.42,2,270,17.8,396.9,5.5,23.6
89,0.05,0.0,3.41,0,0.49,7.08,63.1,3.41,2,270,17.8,396.06,5.7,28.7
90,0.05,0.0,3.41,0,0.49,6.42,66.1,3.09,2,270,17.8,392.18,8.81,22.6
91,0.04,0.0,3.41,0,0.49,6.4,73.9,3.09,2,270,17.8,393.55,8.2,22.0
92,0.04,28.0,15.04,0,0.46,6.44,53.6,3.67,4,270,18.2,395.01,8.16,22.9
93,0.03,28.0,15.04,0,0.46,6.21,28.9,3.67,4,270,18.2,396.33,6.21,25.0
94,0.04,28.0,15.04,0,0.46,6.25,77.3,3.62,4,270,18.2,396.9,10.59,20.6
95,0.12,0.0,2.89,0,0.44,6.62,57.8,3.5,2,276,18.0,357.98,12.9,28.4
96,0.12,0.0,2.89,0,0.44,6.29,69.6,3.5,2,276,18.0,391.83,11.34,21.4
97,0.12,0.0,2.89,0,0.44,8.07,76.0,3.5,2,276,18.0,396.9,4.21,38.7
98,0.08,0.0,2.89,0,0.44,7.82,36.9,3.5,2,276,18.0,393.53,3.57,43.8
99,0.07,0.0,2.89,0,0.44,7.42,62.5,3.5,2,276,18.0,396.9,6.19,33.2
100,0.15,0.0,8.56,0,0.52,6.73,79.9,2.78,5,384,20.9,394.76,9.42,27.5
101,0.11,0.0,8.56,0,0.52,6.78,71.3,2.86,5,384,20.9,395.58,7.67,26.5
102,0.23,0.0,8.56,0,0.52,6.4,85.4,2.71,5,384,20.9,70.8,10.63,18.6
103,0.21,0.0,8.56,0,0.52,6.14,87.4,2.71,5,384,20.9,394.47,13.44,19.3
104,0.14,0.0,8.56,0,0.52,6.17,90.0,2.42,5,384,20.9,392.69,12.33,20.1
105,0.13,0.0,8.56,0,0.52,5.85,96.7,2.11,5,384,20.9,394.05,16.47,19.5
106,0.17,0.0,8.56,0,0.52,5.84,91.9,2.21,5,384,20.9,395.67,18.66,19.5
107,0.13,0.0,8.56,0,0.52,6.13,85.2,2.12,5,384,20.9,387.69,14.09,20.4
108,0.13,0.0,8.56,0,0.52,6.47,97.1,2.43,5,384,20.9,395.24,12.27,19.8
109,0.26,0.0,8.56,0,0.52,6.23,91.2,2.55,5,384,20.9,391.23,15.55,19.4
110,0.11,0.0,8.56,0,0.52,6.2,54.4,2.78,5,384,20.9,393.49,13.0,21.7
111,0.1,0.0,10.01,0,0.55,6.72,81.6,2.68,6,432,17.8,395.59,10.16,22.8
112,0.12,0.0,10.01,0,0.55,5.91,92.9,2.35,6,432,17.8,394.95,16.21,18.8
113,0.22,0.0,10.01,0,0.55,6.09,95.4,2.55,6,432,17.8,396.9,17.09,18.7
114,0.14,0.0,10.01,0,0.55,6.25,84.2,2.26,6,432,17.8,388.74,10.45,18.5
115,0.17,0.0,10.01,0,0.55,5.93,88.2,2.46,6,432,17.8,344.91,15.76,18.3
116,0.13,0.0,10.01,0,0.55,6.18,72.5,2.73,6,432,17.8,393.3,12.04,21.2
117,0.15,0.0,10.01,0,0.55,6.02,82.6,2.75,6,432,17.8,394.51,10.3,19.2
118,0.13,0.0,10.01,0,0.55,5.87,73.1,2.48,6,432,17.8,338.63,15.37,20.4
119,0.14,0.0,10.01,0,0.55,5.73,65.2,2.76,6,432,17.8,391.5,13.61,19.3
120,0.07,0.0,25.65,0,0.58,5.87,69.7,2.26,2,188,19.1,389.15,14.37,22.0
121,0.07,0.0,25.65,0,0.58,6.0,84.1,2.2,2,188,19.1,377.67,14.27,20.3
122,0.09,0.0,25.65,0,0.58,5.96,92.9,2.09,2,188,19.1,378.09,17.93,20.5
123,0.15,0.0,25.65,0,0.58,5.86,97.0,1.94,2,188,19.1,370.31,25.41,17.3
124,0.1,0.0,25.65,0,0.58,5.88,95.8,2.01,2,188,19.1,379.38,17.58,18.8
125,0.17,0.0,25.65,0,0.58,5.99,88.4,1.99,2,188,19.1,385.02,14.81,21.4
126,0.39,0.0,25.65,0,0.58,5.61,95.6,1.76,2,188,19.1,359.29,27.26,15.7
127,0.26,0.0,21.89,0,0.62,5.69,96.0,1.79,4,437,21.2,392.11,17.19,16.2
128,0.33,0.0,21.89,0,0.62,6.43,98.8,1.81,4,437,21.2,396.9,15.39,18.0
129,0.88,0.0,21.89,0,0.62,5.64,94.7,1.98,4,437,21.2,396.9,18.34,14.3
130,0.34,0.0,21.89,0,0.62,6.46,98.9,2.12,4,437,21.2,395.04,12.6,19.2
131,1.19,0.0,21.89,0,0.62,6.33,97.7,2.27,4,437,21.2,396.9,12.26,19.6
132,0.59,0.0,21.89,0,0.62,6.37,97.9,2.33,4,437,21.2,385.76,11.12,23.0
133,0.33,0.0,21.89,0,0.62,5.82,95.4,2.47,4,437,21.2,388.69,15.03,18.4
134,0.98,0.0,21.89,0,0.62,5.76,98.4,2.35,4,437,21.2,262.76,17.31,15.6
135,0.56,0.0,21.89,0,0.62,6.29,98.2,2.11,4,437,21.2,394.67,16.96,18.1
136,0.32,0.0,21.89,0,0.62,5.94,93.5,1.97,4,437,21.2,378.25,16.9,17.4
137,0.35,0.0,21.89,0,0.62,6.45,98.4,1.85,4,437,21.2,394.08,14.59,17.1
138,0.25,0.0,21.89,0,0.62,5.86,98.2,1.67,4,437,21.2,392.04,21.32,13.3
139,0.54,0.0,21.89,0,0.62,6.15,97.9,1.67,4,437,21.2,396.9,18.46,17.8
140,0.29,0.0,21.89,0,0.62,6.17,93.6,1.61,4,437,21.2,388.08,24.16,14.0
141,1.63,0.0,21.89,0,0.62,5.02,100.0,1.44,4,437,21.2,396.9,34.41,14.4
142,3.32,0.0,19.58,1,0.87,5.4,100.0,1.32,5,403,14.7,396.9,26.82,13.4
143,4.1,0.0,19.58,0,0.87,5.47,100.0,1.41,5,403,14.7,396.9,26.42,15.6
144,2.78,0.0,19.58,0,0.87,4.9,97.8,1.35,5,403,14.7,396.9,29.29,11.8
145,2.38,0.0,19.58,0,0.87,6.13,100.0,1.42,5,403,14.7,172.91,27.8,13.8
146,2.16,0.0,19.58,0,0.87,5.63,100.0,1.52,5,403,14.7,169.27,16.65,15.6
147,2.37,0.0,19.58,0,0.87,4.93,95.7,1.46,5,403,14.7,391.71,29.53,14.6
148,2.33,0.0,19.58,0,0.87,5.19,93.8,1.53,5,403,14.7,356.99,28.32,17.8
149,2.73,0.0,19.58,0,0.87,5.6,94.9,1.53,5,403,14.7,351.85,21.45,15.4
150,1.66,0.0,19.58,0,0.87,6.12,97.3,1.62,5,403,14.7,372.8,14.1,21.5
151,1.5,0.0,19.58,0,0.87,5.4,100.0,1.59,5,403,14.7,341.6,13.28,19.6
152,1.13,0.0,19.58,1,0.87,5.01,88.0,1.61,5,403,14.7,343.28,12.12,15.3
153,2.15,0.0,19.58,0,0.87,5.71,98.5,1.62,5,403,14.7,261.95,15.79,19.4
154,1.41,0.0,19.58,1,0.87,6.13,96.0,1.75,5,403,14.7,321.02,15.12,17.0
155,3.54,0.0,19.58,1,0.87,6.15,82.6,1.75,5,403,14.7,88.01,15.02,15.6
156,2.45,0.0,19.58,0,0.87,5.27,94.0,1.74,5,403,14.7,88.63,16.14,13.1
157,1.22,0.0,19.58,0,0.6,6.94,97.4,1.88,5,403,14.7,363.43,4.59,41.3
158,1.34,0.0,19.58,0,0.6,6.07,100.0,1.76,5,403,14.7,353.89,6.43,24.3
159,1.43,0.0,19.58,0,0.87,6.51,100.0,1.77,5,403,14.7,364.31,7.39,23.3
160,1.27,0.0,19.58,1,0.6,6.25,92.6,1.8,5,403,14.7,338.92,5.5,27.0
161,1.46,0.0,19.58,0,0.6,7.49,90.8,1.97,5,403,14.7,374.43,1.73,50.0
162,1.83,0.0,19.58,1,0.6,7.8,98.2,2.04,5,403,14.7,389.61,1.92,50.0
163,1.52,0.0,19.58,1,0.6,8.38,93.9,2.16,5,403,14.7,388.45,3.32,50.0
164,2.24,0.0,19.58,0,0.6,5.85,91.8,2.42,5,403,14.7,395.11,11.64,22.7
165,2.92,0.0,19.58,0,0.6,6.1,93.0,2.28,5,403,14.7,240.16,9.81,25.0
166,2.01,0.0,19.58,0,0.6,7.93,96.2,2.05,5,403,14.7,369.3,3.7,50.0
167,1.8,0.0,19.58,0,0.6,5.88,79.2,2.43,5,403,14.7,227.61,12.14,23.8
168,2.3,0.0,19.58,0,0.6,6.32,96.1,2.1,5,403,14.7,297.09,11.1,23.8
169,2.45,0.0,19.58,0,0.6,6.4,95.2,2.26,5,403,14.7,330.04,11.32,22.3
170,1.21,0.0,19.58,0,0.6,5.88,94.6,2.43,5,403,14.7,292.29,14.43,17.4
171,2.31,0.0,19.58,0,0.6,5.88,97.3,2.39,5,403,14.7,348.13,12.03,19.1
172,0.14,0.0,4.05,0,0.51,5.57,88.5,2.6,5,296,16.6,396.9,14.69,23.1
173,0.09,0.0,4.05,0,0.51,6.42,84.1,2.65,5,296,16.6,395.5,9.04,23.6
174,0.08,0.0,4.05,0,0.51,5.86,68.7,2.7,5,296,16.6,393.23,9.64,22.6
175,0.07,0.0,4.05,0,0.51,6.55,33.1,3.13,5,296,16.6,390.96,5.33,29.4
176,0.07,0.0,4.05,0,0.51,6.02,47.2,3.55,5,296,16.6,393.23,10.11,23.2
177,0.05,0.0,4.05,0,0.51,6.32,73.4,3.32,5,296,16.6,395.6,6.29,24.6
178,0.07,0.0,4.05,0,0.51,6.86,74.4,2.92,5,296,16.6,391.27,6.92,29.9
179,0.06,0.0,2.46,0,0.49,6.98,58.4,2.83,3,193,17.8,396.9,5.04,37.2
180,0.07,0.0,2.46,0,0.49,7.76,83.3,2.74,3,193,17.8,395.56,7.56,39.8
181,0.07,0.0,2.46,0,0.49,6.14,62.2,2.6,3,193,17.8,396.9,9.45,36.2
182,0.09,0.0,2.46,0,0.49,7.16,92.2,2.7,3,193,17.8,394.12,4.82,37.9
183,0.1,0.0,2.46,0,0.49,6.56,95.6,2.85,3,193,17.8,396.9,5.68,32.5
184,0.08,0.0,2.46,0,0.49,5.6,89.8,2.99,3,193,17.8,391.0,13.98,26.4
185,0.06,0.0,2.46,0,0.49,6.15,68.8,3.28,3,193,17.8,387.11,13.15,29.6
186,0.06,0.0,2.46,0,0.49,7.83,53.6,3.2,3,193,17.8,392.63,4.45,50.0
187,0.08,45.0,3.44,0,0.44,6.78,41.1,3.79,5,398,15.2,393.87,6.68,32.0
188,0.13,45.0,3.44,0,0.44,6.56,29.1,4.57,5,398,15.2,382.84,4.56,29.8
189,0.08,45.0,3.44,0,0.44,7.18,38.9,4.57,5,398,15.2,396.9,5.39,34.9
190,0.09,45.0,3.44,0,0.44,6.95,21.5,6.48,5,398,15.2,377.68,5.1,37.0
191,0.07,45.0,3.44,0,0.44,6.74,30.8,6.48,5,398,15.2,389.71,4.69,30.5
192,0.09,45.0,3.44,0,0.44,7.18,26.3,6.48,5,398,15.2,390.49,2.87,36.4
193,0.02,60.0,2.93,0,0.4,6.8,9.9,6.22,1,265,15.6,393.37,5.03,31.1
194,0.01,60.0,2.93,0,0.4,6.6,18.8,6.22,1,265,15.6,376.7,4.38,29.1
195,0.01,80.0,0.46,0,0.42,7.88,32.0,5.65,4,255,14.4,394.23,2.97,50.0
196,0.04,80.0,1.52,0,0.4,7.29,34.1,7.31,2,329,12.6,396.9,4.08,33.3
197,0.05,80.0,1.52,0,0.4,7.11,36.6,7.31,2,329,12.6,354.31,8.61,30.3
198,0.04,80.0,1.52,0,0.4,7.27,38.3,7.31,2,329,12.6,392.2,6.62,34.6
199,0.03,95.0,1.47,0,0.4,6.98,15.3,7.65,3,402,17.0,396.9,4.56,34.9
200,0.02,95.0,1.47,0,0.4,7.14,13.9,7.65,3,402,17.0,384.3,4.45,32.9
201,0.03,82.5,2.03,0,0.42,6.16,38.4,6.27,2,348,14.7,393.77,7.43,24.1
202,0.02,82.5,2.03,0,0.42,7.61,15.7,6.27,2,348,14.7,395.38,3.11,42.3
203,0.04,95.0,2.68,0,0.42,7.85,33.2,5.12,4,224,14.7,392.78,3.81,48.5
204,0.02,95.0,2.68,0,0.42,8.03,31.9,5.12,4,224,14.7,390.55,2.88,50.0
205,0.14,0.0,10.59,0,0.49,5.89,22.3,3.95,4,277,18.6,396.9,10.87,22.6
206,0.23,0.0,10.59,0,0.49,6.33,52.5,4.35,4,277,18.6,394.87,10.97,24.4
207,0.25,0.0,10.59,0,0.49,5.78,72.7,4.35,4,277,18.6,389.43,18.06,22.5
208,0.14,0.0,10.59,1,0.49,6.06,59.1,4.24,4,277,18.6,381.32,14.66,24.4
209,0.44,0.0,10.59,1,0.49,5.34,100.0,3.88,4,277,18.6,396.9,23.09,20.0
210,0.17,0.0,10.59,1,0.49,5.96,92.1,3.88,4,277,18.6,393.25,17.27,21.7
211,0.38,0.0,10.59,1,0.49,5.4,88.6,3.66,4,277,18.6,395.24,23.98,19.3
212,0.22,0.0,10.59,1,0.49,5.81,53.8,3.65,4,277,18.6,390.94,16.03,22.4
213,0.14,0.0,10.59,0,0.49,6.38,32.3,3.95,4,277,18.6,385.81,9.38,28.1
214,0.29,0.0,10.59,0,0.49,5.41,9.8,3.59,4,277,18.6,348.93,29.55,23.7
215,0.2,0.0,10.59,0,0.49,6.18,42.4,3.95,4,277,18.6,393.63,9.47,25.0
216,0.05,0.0,13.89,1,0.55,5.89,56.0,3.11,5,276,16.4,392.8,13.51,23.3
217,0.07,0.0,13.89,0,0.55,6.64,85.1,3.42,5,276,16.4,392.78,9.69,28.7
218,0.11,0.0,13.89,1,0.55,5.95,93.8,2.89,5,276,16.4,396.9,17.92,21.5
219,0.11,0.0,13.89,1,0.55,6.37,92.4,3.36,5,276,16.4,393.74,10.5,23.0
220,0.36,0.0,6.2,1,0.51,6.95,88.5,2.86,8,307,17.4,391.7,9.71,26.7
221,0.41,0.0,6.2,1,0.51,6.16,91.3,3.05,8,307,17.4,395.24,21.46,21.7
222,0.62,0.0,6.2,1,0.51,6.88,77.7,3.27,8,307,17.4,390.39,9.93,27.5
223,0.61,0.0,6.2,0,0.51,6.62,80.8,3.27,8,307,17.4,396.9,7.6,30.1
224,0.32,0.0,6.2,0,0.5,8.27,78.3,2.89,8,307,17.4,385.05,4.14,44.8
225,0.53,0.0,6.2,0,0.5,8.72,83.0,2.89,8,307,17.4,382.0,4.63,50.0
226,0.38,0.0,6.2,0,0.5,8.04,86.5,3.22,8,307,17.4,387.38,3.13,37.6
227,0.41,0.0,6.2,0,0.5,7.16,79.9,3.22,8,307,17.4,372.08,6.36,31.6
228,0.3,0.0,6.2,0,0.5,7.69,17.0,3.38,8,307,17.4,377.51,3.92,46.7
229,0.44,0.0,6.2,0,0.5,6.55,21.4,3.38,8,307,17.4,380.34,3.76,31.5
230,0.54,0.0,6.2,0,0.5,5.98,68.1,3.67,8,307,17.4,378.35,11.65,24.3
231,0.46,0.0,6.2,0,0.5,7.41,76.9,3.67,8,307,17.4,376.14,5.25,31.7
232,0.58,0.0,6.2,0,0.51,8.34,73.3,3.84,8,307,17.4,385.91,2.47,41.7
233,0.33,0.0,6.2,0,0.51,8.25,70.4,3.65,8,307,17.4,378.95,3.95,48.3
234,0.45,0.0,6.2,1,0.51,6.73,66.5,3.65,8,307,17.4,360.2,8.05,29.0
235,0.33,0.0,6.2,0,0.51,6.09,61.5,3.65,8,307,17.4,376.75,10.88,24.0
236,0.52,0.0,6.2,1,0.51,6.63,76.5,4.15,8,307,17.4,388.45,9.54,25.1
237,0.51,0.0,6.2,0,0.51,7.36,71.6,4.15,8,307,17.4,390.07,4.73,31.5
238,0.08,30.0,4.93,0,0.43,6.48,18.5,6.19,6,300,16.6,379.41,6.36,23.7
239,0.09,30.0,4.93,0,0.43,6.61,42.2,6.19,6,300,16.6,383.78,7.37,23.3
240,0.11,30.0,4.93,0,0.43,6.9,54.3,6.34,6,300,16.6,391.25,11.38,22.0
241,0.11,30.0,4.93,0,0.43,6.1,65.1,6.34,6,300,16.6,394.62,12.4,20.1
242,0.1,30.0,4.93,0,0.43,6.36,52.9,7.04,6,300,16.6,372.75,11.22,22.2
243,0.13,30.0,4.93,0,0.43,6.39,7.8,7.04,6,300,16.6,374.71,5.19,23.7
244,0.21,22.0,5.86,0,0.43,5.59,76.5,7.95,7,330,19.1,372.49,12.5,17.6
245,0.19,22.0,5.86,0,0.43,5.6,70.2,7.95,7,330,19.1,389.13,18.46,18.5
246,0.34,22.0,5.86,0,0.43,6.11,34.9,8.06,7,330,19.1,390.18,9.16,24.3
247,0.2,22.0,5.86,0,0.43,6.23,79.2,8.06,7,330,19.1,376.14,12.9,20.5
248,0.16,22.0,5.86,0,0.43,6.43,49.1,7.83,7,330,19.1,374.71,9.52,24.5
249,0.19,22.0,5.86,0,0.43,6.72,17.5,7.83,7,330,19.1,393.74,6.56,26.2
250,0.14,22.0,5.86,0,0.43,6.49,13.0,7.4,7,330,19.1,396.28,5.9,24.4
251,0.21,22.0,5.86,0,0.43,6.44,8.9,7.4,7,330,19.1,377.07,3.59,24.8
252,0.08,22.0,5.86,0,0.43,6.96,6.8,8.91,7,330,19.1,386.09,3.53,29.6
253,0.37,22.0,5.86,0,0.43,8.26,8.4,8.91,7,330,19.1,396.9,3.54,42.8
254,0.05,80.0,3.64,0,0.39,6.11,32.0,9.22,1,315,16.4,392.89,6.57,21.9
255,0.04,80.0,3.64,0,0.39,5.88,19.1,9.22,1,315,16.4,395.18,9.25,20.9
256,0.02,90.0,3.75,0,0.39,7.45,34.2,6.34,3,244,15.9,386.34,3.11,44.0
257,0.61,20.0,3.97,0,0.65,8.7,86.9,1.8,5,264,13.0,389.7,5.12,50.0
258,0.66,20.0,3.97,0,0.65,7.33,100.0,1.89,5,264,13.0,383.29,7.79,36.0
259,0.66,20.0,3.97,0,0.65,6.84,100.0,2.01,5,264,13.0,391.93,6.9,30.1
260,0.54,20.0,3.97,0,0.65,7.2,81.8,2.11,5,264,13.0,392.8,9.59,33.8
261,0.53,20.0,3.97,0,0.65,7.52,89.4,2.14,5,264,13.0,388.37,7.26,43.1
262,0.52,20.0,3.97,0,0.65,8.4,91.5,2.29,5,264,13.0,386.86,5.91,48.8
263,0.83,20.0,3.97,0,0.65,7.33,94.5,2.08,5,264,13.0,393.42,11.25,31.0
264,0.55,20.0,3.97,0,0.65,7.21,91.6,1.93,5,264,13.0,387.89,8.1,36.5
265,0.76,20.0,3.97,0,0.65,5.56,62.8,1.99,5,264,13.0,392.4,10.45,22.8
266,0.79,20.0,3.97,0,0.65,7.01,84.6,2.13,5,264,13.0,384.07,14.79,30.7
267,0.58,20.0,3.97,0,0.57,8.3,67.0,2.42,5,264,13.0,384.54,7.44,50.0
268,0.54,20.0,3.97,0,0.57,7.47,52.6,2.87,5,264,13.0,390.3,3.16,43.5
269,0.09,20.0,6.96,1,0.46,5.92,61.5,3.92,3,223,18.6,391.34,13.65,20.7
270,0.3,20.0,6.96,0,0.46,5.86,42.1,4.43,3,223,18.6,388.65,13.0,21.1
271,0.16,20.0,6.96,0,0.46,6.24,16.3,4.43,3,223,18.6,396.9,6.59,25.2
272,0.11,20.0,6.96,0,0.46,6.54,58.7,3.92,3,223,18.6,394.96,7.73,24.4
273,0.22,20.0,6.96,1,0.46,7.69,51.8,4.37,3,223,18.6,390.77,6.58,35.2
274,0.06,40.0,6.41,1,0.45,6.76,32.9,4.08,4,254,17.6,396.9,3.53,32.4
275,0.1,40.0,6.41,0,0.45,6.85,42.8,4.27,4,254,17.6,396.9,2.98,32.0
276,0.1,40.0,6.41,1,0.45,7.27,49.0,4.79,4,254,17.6,389.25,6.05,33.2
277,0.06,40.0,6.41,1,0.45,6.83,27.6,4.86,4,254,17.6,393.45,4.16,33.1
278,0.08,40.0,6.41,0,0.45,6.48,32.1,4.14,4,254,17.6,396.9,7.19,29.1
279,0.21,20.0,3.33,0,0.44,6.81,32.2,4.1,5,216,14.9,396.9,4.85,35.1
280,0.04,20.0,3.33,0,0.44,7.82,64.5,4.69,5,216,14.9,387.31,3.76,45.4
281,0.04,20.0,3.33,0,0.44,6.97,37.2,5.24,5,216,14.9,392.23,4.59,35.4
282,0.06,20.0,3.33,1,0.44,7.64,49.7,5.21,5,216,14.9,377.07,3.01,46.0
283,0.02,90.0,1.21,1,0.4,7.92,24.8,5.88,1,198,13.6,395.52,3.16,50.0
284,0.01,90.0,2.97,0,0.4,7.09,20.8,7.31,1,285,15.3,394.72,7.85,32.2
285,0.01,55.0,2.25,0,0.39,6.45,31.9,7.31,1,300,15.3,394.72,8.23,22.0
286,0.02,80.0,1.76,0,0.38,6.23,31.5,9.09,1,241,18.2,341.6,12.93,20.1
287,0.04,52.5,5.32,0,0.4,6.21,31.3,7.32,6,293,16.6,396.9,7.14,23.2
288,0.05,52.5,5.32,0,0.4,6.32,45.6,7.32,6,293,16.6,396.9,7.6,22.3
289,0.04,52.5,5.32,0,0.4,6.56,22.9,7.32,6,293,16.6,371.72,9.51,24.8
290,0.04,80.0,4.95,0,0.41,6.86,27.9,5.12,4,245,19.2,396.9,3.33,28.5
291,0.08,80.0,4.95,0,0.41,7.15,27.7,5.12,4,245,19.2,396.9,3.56,37.3
292,0.04,80.0,4.95,0,0.41,6.63,23.4,5.12,4,245,19.2,396.9,4.7,27.9
293,0.08,0.0,13.92,0,0.44,6.13,18.4,5.5,4,289,16.0,396.9,8.58,23.9
294,0.08,0.0,13.92,0,0.44,6.01,42.3,5.5,4,289,16.0,396.9,10.4,21.7
295,0.13,0.0,13.92,0,0.44,6.68,31.1,5.96,4,289,16.0,396.9,6.27,28.6
296,0.05,0.0,13.92,0,0.44,6.55,51.0,5.96,4,289,16.0,392.85,7.39,27.1
297,0.14,0.0,13.92,0,0.44,5.79,58.0,6.32,4,289,16.0,396.9,15.84,20.3
298,0.06,70.0,2.24,0,0.4,6.34,20.1,7.83,5,358,14.8,368.24,4.97,22.5
299,0.06,70.0,2.24,0,0.4,7.04,10.0,7.83,5,358,14.8,371.58,4.74,29.0
300,0.04,70.0,2.24,0,0.4,6.87,47.4,7.83,5,358,14.8,390.86,6.07,24.8
301,0.04,34.0,6.09,0,0.43,6.59,40.4,5.49,7,329,16.1,395.75,9.5,22.0
302,0.09,34.0,6.09,0,0.43,6.5,18.4,5.49,7,329,16.1,383.61,8.67,26.4
303,0.1,34.0,6.09,0,0.43,6.98,17.7,5.49,7,329,16.1,390.43,4.86,33.1
304,0.06,33.0,2.18,0,0.47,7.24,41.1,4.02,7,222,18.4,393.68,6.93,36.1
305,0.05,33.0,2.18,0,0.47,6.62,58.1,3.37,7,222,18.4,393.36,8.93,28.4
306,0.08,33.0,2.18,0,0.47,7.42,71.9,3.1,7,222,18.4,396.9,6.47,33.4
307,0.05,33.0,2.18,0,0.47,6.85,70.3,3.18,7,222,18.4,396.9,7.53,28.2
308,0.49,0.0,9.9,0,0.54,6.64,82.5,3.32,4,304,18.4,396.9,4.54,22.8
309,0.35,0.0,9.9,0,0.54,5.97,76.7,3.1,4,304,18.4,396.24,9.97,20.3
310,2.64,0.0,9.9,0,0.54,4.97,37.8,2.52,4,304,18.4,350.45,12.64,16.1
311,0.79,0.0,9.9,0,0.54,6.12,52.8,2.64,4,304,18.4,396.9,5.98,22.1
312,0.26,0.0,9.9,0,0.54,6.02,90.4,2.83,4,304,18.4,396.3,11.72,19.4
313,0.27,0.0,9.9,0,0.54,6.27,82.8,3.26,4,304,18.4,393.39,7.9,21.6
314,0.37,0.0,9.9,0,0.54,6.57,87.3,3.6,4,304,18.4,395.69,9.28,23.8
315,0.25,0.0,9.9,0,0.54,5.7,77.7,3.94,4,304,18.4,396.42,11.5,16.2
316,0.32,0.0,9.9,0,0.54,5.91,83.2,4.0,4,304,18.4,390.7,18.33,17.8
317,0.25,0.0,9.9,0,0.54,5.78,71.7,4.03,4,304,18.4,396.9,15.94,19.8
318,0.4,0.0,9.9,0,0.54,6.38,67.2,3.53,4,304,18.4,395.21,10.36,23.1
319,0.48,0.0,9.9,0,0.54,6.11,58.8,4.0,4,304,18.4,396.23,12.73,21.0
320,0.17,0.0,7.38,0,0.49,6.43,52.3,4.54,5,287,19.6,396.9,7.2,23.8
321,0.18,0.0,7.38,0,0.49,6.38,54.3,4.54,5,287,19.6,396.9,6.87,23.1
322,0.35,0.0,7.38,0,0.49,6.04,49.9,4.72,5,287,19.6,396.9,7.7,20.4
323,0.28,0.0,7.38,0,0.49,5.71,74.3,4.72,5,287,19.6,391.13,11.74,18.5
324,0.34,0.0,7.38,0,0.49,6.42,40.1,4.72,5,287,19.6,396.9,6.12,25.0
325,0.19,0.0,7.38,0,0.49,6.43,14.7,5.42,5,287,19.6,393.68,5.08,24.6
326,0.3,0.0,7.38,0,0.49,6.31,28.9,5.42,5,287,19.6,396.9,6.15,23.0
327,0.24,0.0,7.38,0,0.49,6.08,43.7,5.42,5,287,19.6,396.9,12.79,22.2
328,0.07,0.0,3.24,0,0.46,5.87,25.8,5.21,4,430,16.9,382.44,9.97,19.3
329,0.07,0.0,3.24,0,0.46,6.33,17.2,5.21,4,430,16.9,375.21,7.34,22.6
330,0.05,0.0,3.24,0,0.46,6.14,32.2,5.87,4,430,16.9,368.57,9.09,19.8
331,0.05,35.0,6.06,0,0.44,5.71,28.4,6.64,1,304,16.9,394.02,12.43,17.1
332,0.03,35.0,6.06,0,0.44,6.03,23.3,6.64,1,304,16.9,362.25,7.83,19.4
333,0.05,0.0,5.19,0,0.52,6.32,38.1,6.46,5,224,20.2,389.71,5.68,22.2
334,0.04,0.0,5.19,0,0.52,6.31,38.5,6.46,5,224,20.2,389.4,6.75,20.7
335,0.04,0.0,5.19,0,0.52,6.04,34.5,5.99,5,224,20.2,396.9,8.01,21.1
336,0.03,0.0,5.19,0,0.52,5.87,46.3,5.23,5,224,20.2,396.9,9.8,19.5
337,0.03,0.0,5.19,0,0.52,5.9,59.6,5.62,5,224,20.2,394.81,10.56,18.5
338,0.03,0.0,5.19,0,0.52,6.06,37.3,4.81,5,224,20.2,396.14,8.51,20.6
339,0.05,0.0,5.19,0,0.52,5.98,45.4,4.81,5,224,20.2,396.9,9.74,19.0
340,0.06,0.0,5.19,0,0.52,5.97,58.5,4.81,5,224,20.2,396.9,9.29,18.7
341,0.01,35.0,1.52,0,0.44,7.24,49.3,7.04,1,284,15.5,394.74,5.49,32.7
342,0.02,0.0,1.89,0,0.52,6.54,59.7,6.27,1,422,15.9,389.96,8.65,16.5
343,0.03,55.0,3.78,0,0.48,6.7,56.4,5.73,5,370,17.6,396.9,7.18,23.9
344,0.03,55.0,3.78,0,0.48,6.87,28.1,6.47,5,370,17.6,387.97,4.61,31.2
345,0.03,0.0,4.39,0,0.44,6.01,48.5,8.01,3,352,18.8,385.64,10.53,17.5
346,0.06,0.0,4.39,0,0.44,5.9,52.3,8.01,3,352,18.8,364.61,12.67,17.2
347,0.02,85.0,4.15,0,0.43,6.52,27.7,8.54,4,351,17.9,392.43,6.36,23.1
348,0.02,80.0,2.01,0,0.44,6.64,29.7,8.34,4,280,17.0,390.94,5.99,24.5
349,0.03,40.0,1.25,0,0.43,6.94,34.5,8.79,1,335,19.7,389.85,5.89,26.6
350,0.06,40.0,1.25,0,0.43,6.49,44.4,8.79,1,335,19.7,396.9,5.98,22.9
351,0.08,60.0,1.69,0,0.41,6.58,35.9,10.71,4,411,18.3,370.78,5.49,24.1
352,0.07,60.0,1.69,0,0.41,5.88,18.5,10.71,4,411,18.3,392.33,7.79,18.6
353,0.02,90.0,2.02,0,0.41,6.73,36.1,12.13,5,187,17.0,384.46,4.5,30.1
354,0.04,80.0,1.91,0,0.41,5.66,21.9,10.59,4,334,22.0,382.8,8.05,18.2
355,0.11,80.0,1.91,0,0.41,5.94,19.5,10.59,4,334,22.0,376.04,5.57,20.6
356,8.98,0.0,18.1,1,0.77,6.21,97.4,2.12,24,666,20.2,377.73,17.6,17.8
357,3.85,0.0,18.1,1,0.77,6.4,91.0,2.51,24,666,20.2,391.34,13.27,21.7
358,5.2,0.0,18.1,1,0.77,6.13,83.4,2.72,24,666,20.2,395.43,11.48,22.7
359,4.26,0.0,18.1,0,0.77,6.11,81.3,2.51,24,666,20.2,390.74,12.67,22.6
360,4.54,0.0,18.1,0,0.77,6.4,88.0,2.52,24,666,20.2,374.56,7.79,25.0
361,3.84,0.0,18.1,0,0.77,6.25,91.1,2.3,24,666,20.2,350.65,14.19,19.9
362,3.68,0.0,18.1,0,0.77,5.36,96.2,2.1,24,666,20.2,380.79,10.19,20.8
363,4.22,0.0,18.1,1,0.77,5.8,89.0,1.9,24,666,20.2,353.04,14.64,16.8
364,3.47,0.0,18.1,1,0.72,8.78,82.9,1.9,24,666,20.2,354.55,5.29,21.9
365,4.56,0.0,18.1,0,0.72,3.56,87.9,1.61,24,666,20.2,354.7,7.12,27.5
366,3.7,0.0,18.1,0,0.72,4.96,91.4,1.75,24,666,20.2,316.03,14.0,21.9
367,13.52,0.0,18.1,0,0.63,3.86,100.0,1.51,24,666,20.2,131.42,13.33,23.1
368,4.9,0.0,18.1,0,0.63,4.97,100.0,1.33,24,666,20.2,375.52,3.26,50.0
369,5.67,0.0,18.1,1,0.63,6.68,96.8,1.36,24,666,20.2,375.33,3.73,50.0
370,6.54,0.0,18.1,1,0.63,7.02,97.5,1.2,24,666,20.2,392.05,2.96,50.0
371,9.23,0.0,18.1,0,0.63,6.22,100.0,1.17,24,666,20.2,366.15,9.53,50.0
372,8.27,0.0,18.1,1,0.67,5.88,89.6,1.13,24,666,20.2,347.88,8.88,50.0
373,11.11,0.0,18.1,0,0.67,4.91,100.0,1.17,24,666,20.2,396.9,34.77,13.8
374,18.5,0.0,18.1,0,0.67,4.14,100.0,1.14,24,666,20.2,396.9,37.97,13.8
375,19.61,0.0,18.1,0,0.67,7.31,97.9,1.32,24,666,20.2,396.9,13.44,15.0
376,15.29,0.0,18.1,0,0.67,6.65,93.3,1.34,24,666,20.2,363.02,23.24,13.9
377,9.82,0.0,18.1,0,0.67,6.79,98.8,1.36,24,666,20.2,396.9,21.24,13.3
378,23.65,0.0,18.1,0,0.67,6.38,96.2,1.39,24,666,20.2,396.9,23.69,13.1
379,17.87,0.0,18.1,0,0.67,6.22,100.0,1.39,24,666,20.2,393.74,21.78,10.2
380,88.98,0.0,18.1,0,0.67,6.97,91.9,1.42,24,666,20.2,396.9,17.21,10.4
381,15.87,0.0,18.1,0,0.67,6.54,99.1,1.52,24,666,20.2,396.9,21.08,10.9
382,9.19,0.0,18.1,0,0.7,5.54,100.0,1.58,24,666,20.2,396.9,23.6,11.3
383,7.99,0.0,18.1,0,0.7,5.52,100.0,1.53,24,666,20.2,396.9,24.56,12.3
384,20.08,0.0,18.1,0,0.7,4.37,91.2,1.44,24,666,20.2,285.83,30.63,8.8
385,16.81,0.0,18.1,0,0.7,5.28,98.1,1.43,24,666,20.2,396.9,30.81,7.2
386,24.39,0.0,18.1,0,0.7,4.65,100.0,1.47,24,666,20.2,396.9,28.28,10.5
387,22.6,0.0,18.1,0,0.7,5.0,89.5,1.52,24,666,20.2,396.9,31.99,7.4
388,14.33,0.0,18.1,0,0.7,4.88,100.0,1.59,24,666,20.2,372.92,30.62,10.2
389,8.15,0.0,18.1,0,0.7,5.39,98.9,1.73,24,666,20.2,396.9,20.85,11.5
390,6.96,0.0,18.1,0,0.7,5.71,97.0,1.93,24,666,20.2,394.43,17.11,15.1
391,5.29,0.0,18.1,0,0.7,6.05,82.5,2.17,24,666,20.2,378.38,18.76,23.2
392,11.58,0.0,18.1,0,0.7,5.04,97.0,1.77,24,666,20.2,396.9,25.68,9.7
393,8.64,0.0,18.1,0,0.69,6.19,92.6,1.79,24,666,20.2,396.9,15.17,13.8
394,13.36,0.0,18.1,0,0.69,5.89,94.7,1.78,24,666,20.2,396.9,16.35,12.7
395,8.72,0.0,18.1,0,0.69,6.47,98.8,1.73,24,666,20.2,391.98,17.12,13.1
396,5.87,0.0,18.1,0,0.69,6.4,96.0,1.68,24,666,20.2,396.9,19.37,12.5
397,7.67,0.0,18.1,0,0.69,5.75,98.9,1.63,24,666,20.2,393.1,19.92,8.5
398,38.35,0.0,18.1,0,0.69,5.45,100.0,1.49,24,666,20.2,396.9,30.59,5.0
399,9.92,0.0,18.1,0,0.69,5.85,77.8,1.5,24,666,20.2,338.16,29.97,6.3
400,25.05,0.0,18.1,0,0.69,5.99,100.0,1.59,24,666,20.2,396.9,26.77,5.6
401,14.24,0.0,18.1,0,0.69,6.34,100.0,1.57,24,666,20.2,396.9,20.32,7.2
402,9.6,0.0,18.1,0,0.69,6.4,100.0,1.64,24,666,20.2,376.11,20.31,12.1
403,24.8,0.0,18.1,0,0.69,5.35,96.0,1.7,24,666,20.2,396.9,19.77,8.3
404,41.53,0.0,18.1,0,0.69,5.53,85.4,1.61,24,666,20.2,329.46,27.38,8.5
405,67.92,0.0,18.1,0,0.69,5.68,100.0,1.43,24,666,20.2,384.97,22.98,5.0
406,20.72,0.0,18.1,0,0.66,4.14,100.0,1.18,24,666,20.2,370.22,23.34,11.9
407,11.95,0.0,18.1,0,0.66,5.61,100.0,1.29,24,666,20.2,332.09,12.13,27.9
408,7.4,0.0,18.1,0,0.6,5.62,97.9,1.45,24,666,20.2,314.64,26.4,17.2
409,14.44,0.0,18.1,0,0.6,6.85,100.0,1.47,24,666,20.2,179.36,19.78,27.5
410,51.14,0.0,18.1,0,0.6,5.76,100.0,1.41,24,666,20.2,2.6,10.11,15.0
411,14.05,0.0,18.1,0,0.6,6.66,100.0,1.53,24,666,20.2,35.05,21.22,17.2
412,18.81,0.0,18.1,0,0.6,4.63,100.0,1.55,24,666,20.2,28.79,34.37,17.9
413,28.66,0.0,18.1,0,0.6,5.16,100.0,1.59,24,666,20.2,210.97,20.08,16.3
414,45.75,0.0,18.1,0,0.69,4.52,100.0,1.66,24,666,20.2,88.27,36.98,7.0
415,18.08,0.0,18.1,0,0.68,6.43,100.0,1.83,24,666,20.2,27.25,29.05,7.2
416,10.83,0.0,18.1,0,0.68,6.78,90.8,1.82,24,666,20.2,21.57,25.79,7.5
417,25.94,0.0,18.1,0,0.68,5.3,89.1,1.65,24,666,20.2,127.36,26.64,10.4
418,73.53,0.0,18.1,0,0.68,5.96,100.0,1.8,24,666,20.2,16.45,20.62,8.8
419,11.81,0.0,18.1,0,0.72,6.82,76.5,1.79,24,666,20.2,48.45,22.74,8.4
420,11.09,0.0,18.1,0,0.72,6.41,100.0,1.86,24,666,20.2,318.75,15.02,16.7
421,7.02,0.0,18.1,0,0.72,6.01,95.3,1.87,24,666,20.2,319.98,15.7,14.2
422,12.05,0.0,18.1,0,0.61,5.65,87.6,1.95,24,666,20.2,291.55,14.1,20.8
423,7.05,0.0,18.1,0,0.61,6.1,85.1,2.02,24,666,20.2,2.52,23.29,13.4
424,8.79,0.0,18.1,0,0.58,5.56,70.6,2.06,24,666,20.2,3.65,17.16,11.7
425,15.86,0.0,18.1,0,0.68,5.9,95.4,1.91,24,666,20.2,7.68,24.39,8.3
426,12.25,0.0,18.1,0,0.58,5.84,59.7,2.0,24,666,20.2,24.65,15.69,10.2
427,37.66,0.0,18.1,0,0.68,6.2,78.7,1.86,24,666,20.2,18.82,14.52,10.9
428,7.37,0.0,18.1,0,0.68,6.19,78.1,1.94,24,666,20.2,96.73,21.52,11.0
429,9.34,0.0,18.1,0,0.68,6.38,95.6,1.97,24,666,20.2,60.72,24.08,9.5
430,8.49,0.0,18.1,0,0.58,6.35,86.1,2.05,24,666,20.2,83.45,17.64,14.5
431,10.06,0.0,18.1,0,0.58,6.83,94.3,2.09,24,666,20.2,81.33,19.69,14.1
432,6.44,0.0,18.1,0,0.58,6.42,74.8,2.2,24,666,20.2,97.95,12.03,16.1
433,5.58,0.0,18.1,0,0.71,6.44,87.9,2.32,24,666,20.2,100.19,16.22,14.3
434,13.91,0.0,18.1,0,0.71,6.21,95.0,2.22,24,666,20.2,100.63,15.17,11.7
435,11.16,0.0,18.1,0,0.74,6.63,94.6,2.12,24,666,20.2,109.85,23.27,13.4
436,14.42,0.0,18.1,0,0.74,6.46,93.3,2.0,24,666,20.2,27.49,18.05,9.6
437,15.18,0.0,18.1,0,0.74,6.15,100.0,1.91,24,666,20.2,9.32,26.45,8.7
438,13.68,0.0,18.1,0,0.74,5.94,87.9,1.82,24,666,20.2,68.95,34.02,8.4
439,9.39,0.0,18.1,0,0.74,5.63,93.9,1.82,24,666,20.2,396.9,22.88,12.8
440,22.05,0.0,18.1,0,0.74,5.82,92.4,1.87,24,666,20.2,391.45,22.11,10.5
441,9.72,0.0,18.1,0,0.74,6.41,97.2,2.07,24,666,20.2,385.96,19.52,17.1
442,5.67,0.0,18.1,0,0.74,6.22,100.0,2.0,24,666,20.2,395.69,16.59,18.4
443,9.97,0.0,18.1,0,0.74,6.48,100.0,1.98,24,666,20.2,386.73,18.85,15.4
444,12.8,0.0,18.1,0,0.74,5.85,96.6,1.9,24,666,20.2,240.52,23.79,10.8
445,10.67,0.0,18.1,0,0.74,6.46,94.8,1.99,24,666,20.2,43.06,23.98,11.8
446,6.29,0.0,18.1,0,0.74,6.34,96.4,2.07,24,666,20.2,318.01,17.79,14.9
447,9.92,0.0,18.1,0,0.74,6.25,96.6,2.2,24,666,20.2,388.52,16.44,12.6
448,9.33,0.0,18.1,0,0.71,6.18,98.7,2.26,24,666,20.2,396.9,18.13,14.1
449,7.53,0.0,18.1,0,0.71,6.42,98.3,2.18,24,666,20.2,304.21,19.31,13.0
450,6.72,0.0,18.1,0,0.71,6.75,92.6,2.32,24,666,20.2,0.32,17.44,13.4
451,5.44,0.0,18.1,0,0.71,6.66,98.2,2.36,24,666,20.2,355.29,17.73,15.2
452,5.09,0.0,18.1,0,0.71,6.3,91.8,2.37,24,666,20.2,385.09,17.27,16.1
453,8.25,0.0,18.1,0,0.71,7.39,99.3,2.45,24,666,20.2,375.87,16.74,17.8
454,9.51,0.0,18.1,0,0.71,6.73,94.1,2.5,24,666,20.2,6.68,18.71,14.9
455,4.75,0.0,18.1,0,0.71,6.52,86.5,2.44,24,666,20.2,50.92,18.13,14.1
456,4.67,0.0,18.1,0,0.71,5.98,87.9,2.58,24,666,20.2,10.48,19.01,12.7
457,8.2,0.0,18.1,0,0.71,5.94,80.3,2.78,24,666,20.2,3.5,16.94,13.5
458,7.75,0.0,18.1,0,0.71,6.3,83.7,2.78,24,666,20.2,272.21,16.23,14.9
459,6.8,0.0,18.1,0,0.71,6.08,84.4,2.72,24,666,20.2,396.9,14.7,20.0
460,4.81,0.0,18.1,0,0.71,6.7,90.0,2.6,24,666,20.2,255.23,16.42,16.4
461,3.69,0.0,18.1,0,0.71,6.38,88.4,2.57,24,666,20.2,391.43,14.65,17.7
462,6.65,0.0,18.1,0,0.71,6.32,83.0,2.73,24,666,20.2,396.9,13.99,19.5
463,5.82,0.0,18.1,0,0.71,6.51,89.9,2.8,24,666,20.2,393.82,10.29,20.2
464,7.84,0.0,18.1,0,0.66,6.21,65.4,2.96,24,666,20.2,396.9,13.22,21.4
465,3.16,0.0,18.1,0,0.66,5.76,48.2,3.07,24,666,20.2,334.4,14.13,19.9
466,3.77,0.0,18.1,0,0.66,5.95,84.7,2.87,24,666,20.2,22.01,17.15,19.0
467,4.42,0.0,18.1,0,0.58,6.0,94.5,2.54,24,666,20.2,331.29,21.32,19.1
468,15.58,0.0,18.1,0,0.58,5.93,71.0,2.91,24,666,20.2,368.74,18.13,19.1
469,13.08,0.0,18.1,0,0.58,5.71,56.7,2.82,24,666,20.2,396.9,14.76,20.1
470,4.35,0.0,18.1,0,0.58,6.17,84.0,3.03,24,666,20.2,396.9,16.29,19.9
471,4.04,0.0,18.1,0,0.53,6.23,90.7,3.1,24,666,20.2,395.33,12.87,19.6
472,3.57,0.0,18.1,0,0.58,6.44,75.0,2.9,24,666,20.2,393.37,14.36,23.2
473,4.65,0.0,18.1,0,0.61,6.98,67.6,2.53,24,666,20.2,374.68,11.66,29.8
474,8.06,0.0,18.1,0,0.58,5.43,95.4,2.43,24,666,20.2,352.58,18.14,13.8
475,6.39,0.0,18.1,0,0.58,6.16,97.4,2.21,24,666,20.2,302.76,24.1,13.3
476,4.87,0.0,18.1,0,0.61,6.48,93.6,2.31,24,666,20.2,396.21,18.68,16.7
477,15.02,0.0,18.1,0,0.61,5.3,97.3,2.1,24,666,20.2,349.48,24.91,12.0
478,10.23,0.0,18.1,0,0.61,6.18,96.7,2.17,24,666,20.2,379.7,18.03,14.6
479,14.33,0.0,18.1,0,0.61,6.23,88.0,1.95,24,666,20.2,383.32,13.11,21.4
480,5.82,0.0,18.1,0,0.53,6.24,64.7,3.42,24,666,20.2,396.9,10.74,23.0
481,5.71,0.0,18.1,0,0.53,6.75,74.9,3.33,24,666,20.2,393.07,7.74,23.7
482,5.73,0.0,18.1,0,0.53,7.06,77.0,3.41,24,666,20.2,395.28,7.01,25.0
483,2.82,0.0,18.1,0,0.53,5.76,40.3,4.1,24,666,20.2,392.92,10.42,21.8
484,2.38,0.0,18.1,0,0.58,5.87,41.9,3.72,24,666,20.2,370.73,13.34,20.6
485,3.67,0.0,18.1,0,0.58,6.31,51.9,3.99,24,666,20.2,388.62,10.58,21.2
486,5.69,0.0,18.1,0,0.58,6.11,79.8,3.55,24,666,20.2,392.68,14.98,19.1
487,4.84,0.0,18.1,0,0.58,5.9,53.2,3.15,24,666,20.2,388.22,11.45,20.6
488,0.15,0.0,27.74,0,0.61,5.45,92.7,1.82,4,711,20.1,395.09,18.06,15.2
489,0.18,0.0,27.74,0,0.61,5.41,98.3,1.76,4,711,20.1,344.05,23.97,7.0
490,0.21,0.0,27.74,0,0.61,5.09,98.0,1.82,4,711,20.1,318.43,29.68,8.1
491,0.11,0.0,27.74,0,0.61,5.98,98.8,1.87,4,711,20.1,390.11,18.07,13.6
492,0.11,0.0,27.74,0,0.61,5.98,83.5,2.11,4,711,20.1,396.9,13.35,20.1
493,0.17,0.0,9.69,0,0.58,5.71,54.0,2.38,6,391,19.2,396.9,12.01,21.8
494,0.28,0.0,9.69,0,0.58,5.93,42.6,2.38,6,391,19.2,396.9,13.59,24.5
495,0.18,0.0,9.69,0,0.58,5.67,28.8,2.8,6,391,19.2,393.29,17.6,23.1
496,0.29,0.0,9.69,0,0.58,5.39,72.9,2.8,6,391,19.2,396.9,21.14,19.7
497,0.27,0.0,9.69,0,0.58,5.79,70.6,2.89,6,391,19.2,396.9,14.1,18.3
498,0.24,0.0,9.69,0,0.58,6.02,65.3,2.41,6,391,19.2,396.9,12.92,21.2
499,0.18,0.0,9.69,0,0.58,5.57,73.5,2.4,6,391,19.2,395.77,15.1,17.5
500,0.18,0.0,9.69,0,0.58,6.03,79.7,2.5,6,391,19.2,396.9,14.33,16.8
501,0.06,0.0,11.93,0,0.57,6.59,69.1,2.48,1,273,21.0,391.99,9.67,22.4
502,0.05,0.0,11.93,0,0.57,6.12,76.7,2.29,1,273,21.0,396.9,9.08,20.6
503,0.06,0.0,11.93,0,0.57,6.98,91.0,2.17,1,273,21.0,396.9,5.64,23.9
504,0.11,0.0,11.93,0,0.57,6.79,89.3,2.39,1,273,21.0,393.45,6.48,22.0
505,0.05,0.0,11.93,0,0.57,6.03,80.8,2.5,1,273,21.0,396.9,7.88,11.9
506,0.99,0.0,12.5,0,0.56,6.98,89.0,2.1,3,320,23.0,396.0,12.0,12.0
507,0.23,0.0,12.5,0,0.56,6.98,76.0,2.65,3,320,23.0,343.0,25.0,32.0
508,0.44,0.0,12.5,0,0.56,6.12,98.0,2.99,3,320,23.0,343.0,21.0,54.0
509,0.78,0.0,12.7,0,0.56,6.22,34.0,2.54,3,329,23.0,343.0,76.0,67.0
510,0.65,0.0,12.8,0,0.56,6.76,67.0,2.99,3,345,23.0,321.0,45.0,24.0
